DATE,price,market_cap
5/1/2013,139,1542820000
5/2/2013,116.38,1292190000
5/3/2013,106.25,1180070000
5/4/2013,98.1,1089890000
5/5/2013,112.9,1254760000
5/6/2013,115.98,1289470000
5/7/2013,112.25,1248470000
5/8/2013,109.6,1219450000
5/9/2013,113.2,1259980000
5/10/2013,112.8,1255970000
5/11/2013,117.7,1311050000
5/12/2013,115.64,1288630000
5/13/2013,114.82,1279980000
5/14/2013,117.98,1315720000
5/15/2013,111.4,1242760000
5/16/2013,114.22,1274620000
5/17/2013,118.21,1319590000
5/18/2013,123.5,1379140000
5/19/2013,123.21,1376370000
5/20/2013,122.5,1368910000
5/21/2013,122.02,1363940000
5/22/2013,122.89,1374130000
5/23/2013,123.8,1384780000
5/24/2013,126.3,1413300000
5/25/2013,133.1,1489950000
5/26/2013,131.99,1478030000
5/27/2013,133.5,1495520000
5/28/2013,129.77,1454310000
5/29/2013,129,1446190000
5/30/2013,132.25,1483180000
5/31/2013,128.8,1445050000
6/1/2013,128.81,1445800000
6/2/2013,129.3,1451930000
6/3/2013,122.5,1376180000
6/4/2013,120.74,1357020000
6/5/2013,121.4,1365110000
6/6/2013,121.9,1371300000
6/7/2013,118.97,1338880000
6/8/2013,111,1249630000
6/9/2013,107.89,1215130000
6/10/2013,100.44,1131570000
6/11/2013,106.35,1198640000
6/12/2013,109,1229000000
6/13/2013,108.78,1227030000
6/14/2013,103.95,1173060000
6/15/2013,100,1128950000
6/16/2013,99.8,1127120000
6/17/2013,99.9,1128720000
6/18/2013,101.95,1152250000
6/19/2013,107.05,1210260000
6/20/2013,108.25,1224210000
6/21/2013,111.29,1259000000
6/22/2013,109.5,1239210000
6/23/2013,108.2,1224980000
6/24/2013,107.9,1222030000
6/25/2013,102.09,1156610000
6/26/2013,103.33,1171050000
6/27/2013,104,1179110000
6/28/2013,101.74,1153880000
6/29/2013,94.66,1074010000
6/30/2013,95,1078260000
7/1/2013,97.51,1107130000
7/2/2013,88.05,1000070000
7/3/2013,90.41,1027160000
7/4/2013,78.89,896693000
7/5/2013,79.99,909526000
7/6/2013,68.5,779255000
7/7/2013,68.75,782352000
7/8/2013,76.5,870912000
7/9/2013,76,865585000
7/10/2013,76.72,874138000
7/11/2013,88,1003090000
7/12/2013,88.98,1014640000
7/13/2013,93.99,1072140000
7/14/2013,98.7,1126260000
7/15/2013,93.61,1068520000
7/16/2013,98.89,1129260000
7/17/2013,96.71,1104760000
7/18/2013,98.5,1125660000
7/19/2013,90.07,1029670000
7/20/2013,92,1052140000
7/21/2013,89.82,1027640000
7/22/2013,92,1053000000
7/23/2013,91.6,1048820000
7/24/2013,95.56,1094490000
7/25/2013,94.5,1082800000
7/26/2013,96.95,1111160000
7/27/2013,96.02,1100900000
7/28/2013,94.4,1082750000
7/29/2013,98.6,1131340000
7/30/2013,101.49,1164940000
7/31/2013,107.95,1239630000
8/1/2013,106.21,1220190000
8/2/2013,104.86,1205070000
8/3/2013,104.5,1201490000
8/4/2013,104.95,1207100000
8/5/2013,105.12,1209520000
8/6/2013,106.72,1228440000
8/7/2013,106.75,1229100000
8/8/2013,106.75,1229100000
8/9/2013,103.07,1187920000
8/10/2013,102.8,1185310000
8/11/2013,103,1188150000
8/12/2013,105,1211790000
8/13/2013,106.99,1235340000
8/14/2013,109.56,1265450000
8/15/2013,112.56,1300660000
8/16/2013,110,1271470000
8/17/2013,108.99,1260350000
8/18/2013,112.75,1304320000
8/19/2013,113.38,1312160000
8/20/2013,119,1377730000
8/21/2013,121.21,1403890000
8/22/2013,123.3,1428700000
8/23/2013,122,1414290000
8/24/2013,118.51,1374420000
8/25/2013,119.6,1387640000
8/26/2013,122.11,1417200000
8/27/2013,120.07,1394010000
8/28/2013,126.48,1468960000
8/29/2013,122.62,1424680000
8/30/2013,122.35,1422120000
8/31/2013,133.09,1547640000
9/1/2013,135.14,1572230000
9/2/2013,138.63,1613600000
9/3/2013,135.61,1579180000
9/4/2013,136.53,1590550000
9/5/2013,126.76,1477250000
9/6/2013,126.49,1474670000
9/7/2013,118.89,1386610000
9/8/2013,124.13,1448180000
9/9/2013,121.86,1422180000
9/10/2013,127.27,1485960000
9/11/2013,125.89,1470450000
9/12/2013,135.55,1583960000
9/13/2013,132.83,1552880000
9/14/2013,135.01,1579050000
9/15/2013,129.4,1514140000
9/16/2013,130.86,1531820000
9/17/2013,131.59,1540880000
9/18/2013,131.71,1542870000
9/19/2013,131.37,1539430000
9/20/2013,129.7,1520470000
9/21/2013,126.95,1488870000
9/22/2013,127.87,1500260000
9/23/2013,128.98,1513940000
9/24/2013,126.05,1480210000
9/25/2013,127.38,1496510000
9/26/2013,128.21,1506920000
9/27/2013,128.94,1516020000
9/28/2013,133.77,1573400000
9/29/2013,134.9,1587290000
9/30/2013,137.15,1614350000
10/1/2013,132.68,1562270000
10/2/2013,132.05,1555470000
10/3/2013,114.45,1348700000
10/4/2013,123.41,1454900000
10/5/2013,128.63,1517020000
10/6/2013,128.36,1514540000
10/7/2013,129.43,1527760000
10/8/2013,126.74,1496500000
10/9/2013,125.85,1486510000
10/10/2013,130.67,1544020000
10/11/2013,130.75,1545600000
10/12/2013,130.9,1547970000
10/13/2013,135.19,1599430000
10/14/2013,139.27,1648470000
10/15/2013,140.77,1667100000
10/16/2013,145.65,1725840000
10/17/2013,142.41,1688200000
10/18/2013,146.37,1735750000
10/19/2013,155.91,1849630000
10/20/2013,171.66,2037440000
10/21/2013,174.8,2075580000
10/22/2013,182.65,2169750000
10/23/2013,193.36,2298160000
10/24/2013,214.3,2548230000
10/25/2013,197.69,2351780000
10/26/2013,187.45,2231070000
10/27/2013,176.6,2102730000
10/28/2013,196.21,2337100000
10/29/2013,198.55,2365840000
10/30/2013,204.39,2436240000
10/31/2013,199.83,2382870000
11/1/2013,203.9,2432470000
11/2/2013,205.81,2456330000
11/3/2013,205.99,2459520000
11/4/2013,214.66,2564070000
11/5/2013,229.21,2738980000
11/6/2013,244.78,2926100000
11/7/2013,261.68,3129190000
11/8/2013,297.85,3562790000
11/9/2013,338.58,4051120000
11/10/2013,348.82,4174930000
11/11/2013,325.41,3896130000
11/12/2013,343.06,4109060000
11/13/2013,360.97,4325400000
11/14/2013,406.41,4871600000
11/15/2013,419.41,5029340000
11/16/2013,417.28,5005530000
11/17/2013,440.96,5291730000
11/18/2013,496.58,5961500000
11/19/2013,712.76,8559550000
11/20/2013,577.98,6943300000
11/21/2013,594.32,7142030000
11/22/2013,724.07,8703970000
11/23/2013,771.7,9279850000
11/24/2013,795.63,9570990000
11/25/2013,773.02,9302270000
11/26/2013,805.73,9699360000
11/27/2013,923.85,11124900000
11/28/2013,1003.38,12087000000
11/29/2013,1042.01,12557100000
11/30/2013,1129.37,13614700000
12/1/2013,1128.92,13614300000
12/2/2013,951.42,11478300000
12/3/2013,1046.4,12628300000
12/4/2013,1077.58,13010000000
12/5/2013,1152.73,13922300000
12/6/2013,1042.38,12593900000
12/7/2013,835.32,10096600000
12/8/2013,697.31,8431860000
12/9/2013,793.8,9602480000
12/10/2013,892.32,10798200000
12/11/2013,989.07,11973700000
12/12/2013,882.78,10690600000
12/13/2013,874.98,10599700000
12/14/2013,899.85,10904900000
12/15/2013,875.29,10611600000
12/16/2013,880.33,10676600000
12/17/2013,706.37,8570390000
12/18/2013,678.2,8232040000
12/19/2013,519.06,6302970000
12/20/2013,694.22,8433870000
12/21/2013,619.9,7533740000
12/22/2013,601.78,7315940000
12/23/2013,613.06,7455670000
12/24/2013,672.36,8179730000
12/25/2013,666.31,8108930000
12/26/2013,683.94,8326270000
12/27/2013,763.28,9295570000
12/28/2013,737.98,8990850000
12/29/2013,728.05,8872600000
12/30/2013,741.35,9037000000
12/31/2013,760.32,9268240000
1/1/2014,754.97,9203030000
1/2/2014,773.44,9428180000
1/3/2014,802.85,9786680000
1/4/2014,823.27,10035600000
1/5/2014,858.55,10465700000
1/6/2014,936.05,11410400000
1/7/2014,946.49,11571400000
1/8/2014,795.99,9734800000
1/9/2014,841.47,10295100000
1/10/2014,846.69,10363300000
1/11/2014,867.32,10619900000
1/12/2014,919.6,11264800000
1/13/2014,860.19,10541500000
1/14/2014,843.17,10336500000
1/15/2014,833.12,10216700000
1/16/2014,860.29,10553800000
1/17/2014,834.49,10241200000
1/18/2014,816.07,10018200000
1/19/2014,839.66,10311500000
1/20/2014,871.39,10704800000
1/21/2014,869.65,10687700000
1/22/2014,867.21,10661400000
1/23/2014,845.46,10398000000
1/24/2014,822.43,10118400000
1/25/2014,796.24,9799920000
1/26/2014,853.68,10510400000
1/27/2014,884.6,10894400000
1/28/2014,774.02,9535950000
1/29/2014,809.96,9981850000
1/30/2014,826.02,10182900000
1/31/2014,818.43,10092900000
2/1/2014,828.61,10222300000
2/2/2014,832.9,10279200000
2/3/2014,824.08,10174100000
2/4/2014,823.77,10174000000
2/5/2014,829.96,10254100000
2/6/2014,815.59,10079900000
2/7/2014,783.2,9683190000
2/8/2014,699.57,8651930000
2/9/2014,671.46,8307340000
2/10/2014,681.32,8431680000
2/11/2014,683.5,8461320000
2/12/2014,672.38,8326420000
2/13/2014,651.08,8065550000
2/14/2014,601.17,7449940000
2/15/2014,660.9,8193290000
2/16/2014,651.3,8077340000
2/17/2014,614.23,7620580000
2/18/2014,627.16,7783430000
2/19/2014,625.97,7771210000
2/20/2014,623.09,7738580000
2/21/2014,556.88,6918730000
2/22/2014,574.24,7136600000
2/23/2014,606.47,7539890000
2/24/2014,606.04,7537080000
2/25/2014,540.24,6721330000
2/26/2014,537.04,6683680000
2/27/2014,581.65,7241560000
2/28/2014,579.7,7219990000
3/1/2014,549.92,6851590000
3/2/2014,567.23,7069290000
3/3/2014,562.56,7013060000
3/4/2014,668.24,8332950000
3/5/2014,666.24,8310510000
3/6/2014,664.52,8291650000
3/7/2014,664.31,8291900000
3/8/2014,629.66,7862010000
3/9/2014,616.31,7697910000
3/10/2014,636.33,7950820000
3/11/2014,627.95,7848450000
3/12/2014,631.91,7900600000
3/13/2014,633.62,7924860000
3/14/2014,638.14,7983980000
3/15/2014,629.37,7876360000
3/16/2014,636.5,7968200000
3/17/2014,630.92,7901040000
3/18/2014,621.84,7789810000
3/19/2014,613.9,7692450000
3/20/2014,609.75,7642910000
3/21/2014,588.29,7376710000
3/22/2014,571.18,7164770000
3/23/2014,565.76,7099230000
3/24/2014,562.51,7061380000
3/25/2014,585.03,7346810000
3/26/2014,583.48,7329720000
3/27/2014,580.26,7291520000
3/28/2014,477.14,5997850000
3/29/2014,501.71,6308890000
3/30/2014,492.37,6193560000
3/31/2014,462.3,5816910000
4/1/2014,457,5752280000
4/2/2014,479.14,6032970000
4/3/2014,436.44,5497550000
4/4/2014,445.66,5615980000
4/5/2014,446.68,5630890000
4/6/2014,463.4,5843670000
4/7/2014,461.47,5821160000
4/8/2014,447.61,5648000000
4/9/2014,453.18,5719730000
4/10/2014,442.26,5583670000
4/11/2014,363.71,4593400000
4/12/2014,420.89,5317310000
4/13/2014,421.46,5326230000
4/14/2014,414.83,5244350000
4/15/2014,458.37,5797070000
4/16/2014,522.18,6606460000
4/17/2014,529.07,6695650000
4/18/2014,495.8,6276700000
4/19/2014,479.58,6073340000
4/20/2014,501.75,6356070000
4/21/2014,497.74,6307460000
4/22/2014,495.45,6280640000
4/23/2014,488.36,6192560000
4/24/2014,490.82,6225860000
4/25/2014,500.09,6345230000
4/26/2014,461.7,5860330000
4/27/2014,457.24,5805530000
4/28/2014,430.72,5470650000
4/29/2014,439.98,5590030000
4/30/2014,446.89,5679680000
5/1/2014,447.63,5690670000
5/2/2014,457.36,5816390000
5/3/2014,449.4,5716960000
5/4/2014,438.52,5580030000
5/5/2014,434.78,5534140000
5/6/2014,433.36,5517460000
5/7/2014,429.34,5468310000
5/8/2014,438.68,5588990000
5/9/2014,440.18,5609930000
5/10/2014,450.46,5742830000
5/11/2014,453.92,5789010000
5/12/2014,438.3,5591520000
5/13/2014,441.53,5634510000
5/14/2014,440.59,5624310000
5/15/2014,444.14,5671210000
5/16/2014,447.39,5714640000
5/17/2014,448.12,5725990000
5/18/2014,448.7,5735400000
5/19/2014,446.08,5703760000
5/20/2014,446.31,5708560000
5/21/2014,485.8,6215880000
5/22/2014,492.05,6297990000
5/23/2014,525.72,6731160000
5/24/2014,521.05,6673600000
5/25/2014,525.23,6729120000
5/26/2014,571.39,7322870000
5/27/2014,582.59,7468620000
5/28/2014,571.91,7333770000
5/29/2014,576.33,7392820000
5/30/2014,568.18,7290240000
5/31/2014,615.69,7902400000
6/1/2014,623.69,8007450000
6/2/2014,629.64,8086630000
6/3/2014,660.55,8486730000
6/4/2014,666.77,8569660000
6/5/2014,641.07,8242230000
6/6/2014,659.28,8478870000
6/7/2014,653.52,8407050000
6/8/2014,654.99,8428530000
6/9/2014,655.64,8439070000
6/10/2014,650.04,8369550000
6/11/2014,653.19,8412780000
6/12/2014,633.43,8160590000
6/13/2014,585.7,7548170000
6/14/2014,600.75,7744580000
6/15/2014,575.93,7427200000
6/16/2014,592.65,7645650000
6/17/2014,591.59,7634710000
6/18/2014,609.77,7872150000
6/19/2014,608.07,7852650000
6/20/2014,597.4,7717370000
6/21/2014,593.68,7672030000
6/22/2014,595.9,7703560000
6/23/2014,602.16,7787160000
6/24/2014,593.97,7683850000
6/25/2014,581.81,7529260000
6/26/2014,566.14,7329110000
6/27/2014,581.3,7527840000
6/28/2014,599.08,7761630000
6/29/2014,596.33,7728190000
6/30/2014,602.62,7812050000
7/1/2014,641.39,8316770000
7/2/2014,641.04,8314310000
7/3/2014,650.77,8442770000
7/4/2014,644.65,8365570000
7/5/2014,629.95,8177490000
7/6/2014,631.77,8203530000
7/7/2014,635.46,8253710000
7/8/2014,622.57,8088590000
7/9/2014,625.22,8125370000
7/10/2014,624.83,8122830000
7/11/2014,616.66,8019000000
7/12/2014,631.88,8219370000
7/13/2014,634.22,8252240000
7/14/2014,626.56,8155140000
7/15/2014,620,8071770000
7/16/2014,622.01,8100510000
7/17/2014,616.54,8031440000
7/18/2014,622.37,8110060000
7/19/2014,629.17,8201340000
7/20/2014,628.56,8196210000
7/21/2014,623.95,8138520000
7/22/2014,622.27,8119060000
7/23/2014,621.12,8106260000
7/24/2014,619.5,8087290000
7/25/2014,601.51,7854660000
7/26/2014,601.54,7857510000
7/27/2014,595.67,7782830000
7/28/2014,594.14,7765040000
7/29/2014,585.55,7655040000
7/30/2014,584.74,7646630000
7/31/2014,567.37,7421870000
8/1/2014,586.2,7670500000
8/2/2014,594.9,7786620000
8/3/2014,588.89,7710420000
8/4/2014,586.23,7677850000
8/5/2014,589.01,7716120000
8/6/2014,585.95,7678040000
8/7/2014,584.65,7663290000
8/8/2014,588.88,7721090000
8/9/2014,592.47,7770550000
8/10/2014,589.17,7730000000
8/11/2014,591.28,7760290000
8/12/2014,576.51,7569070000
8/13/2014,570.38,7490990000
8/14/2014,546.18,7175190000
8/15/2014,511.14,6717150000
8/16/2014,497.83,6544250000
8/17/2014,519.14,6826520000
8/18/2014,491.51,6465210000
8/19/2014,461.48,6072520000
8/20/2014,485.07,6385230000
8/21/2014,510.45,6721410000
8/22/2014,517.58,6817460000
8/23/2014,513.39,6764340000
8/24/2014,498.29,6567300000
8/25/2014,508.22,6700090000
8/26/2014,502.54,6626970000
8/27/2014,512.19,6756340000
8/28/2014,510.88,6741320000
8/29/2014,508.43,6711080000
8/30/2014,508.59,6715420000
8/31/2014,502.9,6642630000
9/1/2014,477.79,6313120000
9/2/2014,474.48,6270970000
9/3/2014,476.87,6304370000
9/4/2014,477.68,6317100000
9/5/2014,489.67,6477530000
9/6/2014,483.34,6395630000
9/7/2014,485.13,6421460000
9/8/2014,481.81,6379410000
9/9/2014,474.88,6289350000
9/10/2014,475.48,6299070000
9/11/2014,479.62,6355700000
9/12/2014,479.58,6357290000
9/13/2014,477.79,6335400000
9/14/2014,479.12,6355140000
9/15/2014,477.76,6339090000
9/16/2014,474.86,6302440000
9/17/2014,465.86,6185010000
9/18/2014,456.86,6067610000
9/19/2014,424.1,5634440000
9/20/2014,394.67,5245150000
9/21/2014,408.08,5425180000
9/22/2014,399.1,5307360000
9/23/2014,402.09,5348840000
9/24/2014,435.75,5798220000
9/25/2014,423.16,5632260000
9/26/2014,411.43,5477970000
9/27/2014,403.56,5374500000
9/28/2014,399.47,5321420000
9/29/2014,376.93,5022360000
9/30/2014,376.09,5012450000
10/1/2014,387.43,5165060000
10/2/2014,383.99,5120700000
10/3/2014,375.18,5004540000
10/4/2014,359.89,4801920000
10/5/2014,328.92,4389890000
10/6/2014,320.39,4277430000
10/7/2014,330.58,4414880000
10/8/2014,336.12,4489870000
10/9/2014,352.75,4713320000
10/10/2014,364.69,4874190000
10/11/2014,361.36,4831160000
10/12/2014,362.61,4849070000
10/13/2014,377.92,5055290000
10/14/2014,391.69,5241030000
10/15/2014,400.95,5366290000
10/16/2014,394.52,5281630000
10/17/2014,382.76,5125580000
10/18/2014,383.98,5143260000
10/19/2014,391.25,5242370000
10/20/2014,389.23,5216560000
10/21/2014,382.42,5126590000
10/22/2014,386.12,5177640000
10/23/2014,382.96,5136830000
10/24/2014,358.59,4811290000
10/25/2014,358.61,4812990000
10/26/2014,347.49,4665040000
10/27/2014,354.78,4764020000
10/28/2014,353.21,4744450000
10/29/2014,357.09,4797700000
10/30/2014,335.71,4511760000
10/31/2014,345.01,4638210000
11/1/2014,338.65,4554320000
11/2/2014,326.07,4386500000
11/3/2014,325.57,4380950000
11/4/2014,327.16,4403750000
11/5/2014,330.68,4452510000
11/6/2014,339.46,4571830000
11/7/2014,349.82,4712700000
11/8/2014,342.15,4610750000
11/9/2014,345.38,4655480000
11/10/2014,362.26,4884490000
11/11/2014,365.86,4934270000
11/12/2014,367.99,4964150000
11/13/2014,427.27,5765520000
11/14/2014,418.42,5647540000
11/15/2014,399.65,5395770000
11/16/2014,374.73,5060640000
11/17/2014,388.35,5246000000
11/18/2014,387.79,5239790000
11/19/2014,373.9,5053560000
11/20/2014,380.31,5141550000
11/21/2014,357.88,4839570000
11/22/2014,351.6,4755830000
11/23/2014,353.18,4778440000
11/24/2014,366.95,4966080000
11/25/2014,376.89,5101970000
11/26/2014,376.02,5091480000
11/27/2014,370.5,5018040000
11/28/2014,369.37,5004050000
11/29/2014,376.15,5097280000
11/30/2014,375.51,5090060000
12/1/2014,378.25,5128700000
12/2/2014,379.25,5143500000
12/3/2014,381.72,5178450000
12/4/2014,375.72,5098100000
12/5/2014,369.44,5014290000
12/6/2014,376.76,5115040000
12/7/2014,374.84,5090240000
12/8/2014,374.96,5093180000
12/9/2014,361.89,4917110000
12/10/2014,352.2,4786700000
12/11/2014,344.34,4681040000
12/12/2014,350.83,4770620000
12/13/2014,352.38,4792870000
12/14/2014,346.73,4717270000
12/15/2014,351.36,4781560000
12/16/2014,345.67,4705370000
12/17/2014,326.86,4450380000
12/18/2014,319.79,4355140000
12/19/2014,311.18,4238930000
12/20/2014,317.62,4327750000
12/21/2014,329.54,4491320000
12/22/2014,321.07,4376890000
12/23/2014,332.02,4527490000
12/24/2014,334.38,4561040000
12/25/2014,322.29,4397250000
12/26/2014,319.15,4355750000
12/27/2014,327.58,4472050000
12/28/2014,316.16,4317320000
12/29/2014,317.7,4339700000
12/30/2014,312.72,4272940000
12/31/2014,310.91,4249480000
1/1/2015,320.44,4380820000
1/2/2015,314.08,4295210000
1/3/2015,314.85,4307010000
1/4/2015,281.15,3847150000
1/5/2015,265.08,3628490000
1/6/2015,274.61,3759970000
1/7/2015,286.08,3918090000
1/8/2015,294.13,4029490000
1/9/2015,282.38,3869530000
1/10/2015,287.3,3937990000
1/11/2015,274.61,3764960000
1/12/2015,266.15,3649970000
1/13/2015,267.39,3668040000
1/14/2015,223.89,3072020000
1/15/2015,176.9,2427830000
1/16/2015,209.07,2870180000
1/17/2015,207.83,2853930000
1/18/2015,200.05,2747730000
1/19/2015,211.47,2905410000
1/20/2015,212.91,2925910000
1/21/2015,211.38,2905520000
1/22/2015,227.32,3125520000
1/23/2015,233.52,3211490000
1/24/2015,232.7,3200970000
1/25/2015,247.35,3403300000
1/26/2015,254.08,3496650000
1/27/2015,273.17,3760210000
1/28/2015,263.35,3626050000
1/29/2015,233.35,3213920000
1/30/2015,232.77,3206940000
1/31/2015,226.44,3120490000
2/1/2015,216.87,2989460000
2/2/2015,226.49,3123010000
2/3/2015,237.45,3275110000
2/4/2015,227.51,3138700000
2/5/2015,227.66,3141730000
2/6/2015,216.92,2994350000
2/7/2015,222.63,3074140000
2/8/2015,227.69,3144920000
2/9/2015,223.39,3086220000
2/10/2015,220.28,3044180000
2/11/2015,219.73,3037370000
2/12/2015,219.21,3030990000
2/13/2015,221.97,3069830000
2/14/2015,235.53,3258210000
2/15/2015,257.51,3563290000
2/16/2015,234.82,3250240000
2/17/2015,233.42,3231750000
2/18/2015,243.78,3376060000
2/19/2015,236.41,3274980000
2/20/2015,240.25,3329190000
2/21/2015,243.75,3378660000
2/22/2015,244.54,3390510000
2/23/2015,236,3272880000
2/24/2015,239,3315370000
2/25/2015,238.89,3314640000
2/26/2015,237.34,3294030000
2/27/2015,236.44,3282410000
2/28/2015,253.52,3520560000
3/1/2015,254.28,3532050000
3/2/2015,260.36,3617340000
3/3/2015,275.05,3822510000
3/4/2015,281.99,3920130000
3/5/2015,272.74,3792480000
3/6/2015,275.6,3833160000
3/7/2015,272.29,3788190000
3/8/2015,276.43,3846750000
3/9/2015,274.81,3825250000
3/10/2015,289.86,4035790000
3/11/2015,291.52,4060030000
3/12/2015,296.13,4125290000
3/13/2015,294.12,4098250000
3/14/2015,284.44,3964470000
3/15/2015,281.43,3923350000
3/16/2015,285.69,3983760000
3/17/2015,290.6,4053230000
3/18/2015,285.07,3977030000
3/19/2015,255.88,3570820000
3/20/2015,260.96,3642550000
3/21/2015,261.64,3653040000
3/22/2015,259.92,3629920000
3/23/2015,267.89,3742290000
3/24/2015,266.58,3724830000
3/25/2015,247.47,3458950000
3/26/2015,246.28,3443230000
3/27/2015,248.57,3476180000
3/28/2015,246.97,3454980000
3/29/2015,252.74,3536570000
3/30/2015,242.88,3399510000
3/31/2015,247.45,3464410000
4/1/2015,244.22,3420100000
4/2/2015,247.09,3461060000
4/3/2015,253.07,3545940000
4/4/2015,254.29,3563920000
4/5/2015,253.76,3557460000
4/6/2015,260.72,3655990000
4/7/2015,255.27,3580410000
4/8/2015,253.06,3550390000
4/9/2015,244.75,3434520000
4/10/2015,243.69,3420500000
4/11/2015,236.02,3313620000
4/12/2015,236.53,3321740000
4/13/2015,235.95,3314280000
4/14/2015,224.76,3157970000
4/15/2015,219.07,3078890000
4/16/2015,223.92,3147650000
4/17/2015,228.57,3213910000
4/18/2015,222.85,3134170000
4/19/2015,223.46,3143460000
4/20/2015,222.61,3132400000
4/21/2015,224.62,3161520000
4/22/2015,235.6,3316990000
4/23/2015,234.05,3296060000
4/24/2015,235.97,3323830000
4/25/2015,231.24,3257850000
4/26/2015,226.41,3190790000
4/27/2015,219.43,3093200000
4/28/2015,228.97,3228470000
4/29/2015,225.59,3181700000
4/30/2015,225.69,3183860000
5/1/2015,235.94,3329190000
5/2/2015,232.34,3279270000
5/3/2015,234.88,3315980000
5/4/2015,240.36,3394130000
5/5/2015,238.85,3373650000
5/6/2015,236.25,3337790000
5/7/2015,229.66,3245660000
5/8/2015,237.2,3353090000
5/9/2015,243.77,3446790000
5/10/2015,241.73,3418740000
5/11/2015,240.3,3399290000
5/12/2015,242.15,3426350000
5/13/2015,241.4,3416690000
5/14/2015,236.21,3344280000
5/15/2015,236.96,3355680000
5/16/2015,237.64,3366300000
5/17/2015,236.01,3343940000
5/18/2015,236.89,3357380000
5/19/2015,233.04,3303650000
5/20/2015,231.89,3288140000
5/21/2015,234.02,3319140000
5/22/2015,235.32,3338560000
5/23/2015,240.29,3409830000
5/24/2015,238.98,3391910000
5/25/2015,240.93,3420480000
5/26/2015,237.1,3367040000
5/27/2015,237.06,3367340000
5/28/2015,237.26,3370890000
5/29/2015,237.38,3373380000
5/30/2015,237.09,3370240000
5/31/2015,233.13,3314780000
6/1/2015,230.23,3274370000
6/2/2015,222.89,3170730000
6/3/2015,225.74,3212010000
6/4/2015,225.77,3213320000
6/5/2015,224.15,3191080000
6/6/2015,225,3203980000
6/7/2015,225.6,3213390000
6/8/2015,222.88,3175520000
6/9/2015,228.54,3257050000
6/10/2015,229,3264420000
6/11/2015,228.85,3263390000
6/12/2015,229.71,3276290000
6/13/2015,229.92,3280180000
6/14/2015,232.44,3317080000
6/15/2015,233.42,3331930000
6/16/2015,236.76,3380500000
6/17/2015,250.82,3581960000
6/18/2015,249.43,3563010000
6/19/2015,249.04,3558500000
6/20/2015,244.53,3494910000
6/21/2015,245.1,3503880000
6/22/2015,243.97,3488460000
6/23/2015,246.93,3531700000
6/24/2015,244.28,3494730000
6/25/2015,240.37,3439620000
6/26/2015,242.6,3472580000
6/27/2015,243.55,3487060000
6/28/2015,250.96,3593900000
6/29/2015,248.72,3562790000
6/30/2015,257.04,3682790000
7/1/2015,263.35,3774140000
7/2/2015,258.55,3706320000
7/3/2015,255.46,3662970000
7/4/2015,256.49,3678800000
7/5/2015,260.81,3741670000
7/6/2015,271.11,3890430000
7/7/2015,269.96,3875220000
7/8/2015,265.98,3818970000
7/9/2015,270.83,3889620000
7/10/2015,269.16,3866510000
7/11/2015,284.88,4093500000
7/12/2015,293.14,4213280000
7/13/2015,310.83,4468540000
7/14/2015,292.03,4199450000
7/15/2015,288.05,4143120000
7/16/2015,286.04,4115410000
7/17/2015,278.09,4001950000
7/18/2015,279.33,4020820000
7/19/2015,274.77,3956140000
7/20/2015,273.5,3938930000
7/21/2015,278.88,4017540000
7/22/2015,275.66,3971960000
7/23/2015,277.34,3997290000
7/24/2015,276,3978990000
7/25/2015,288.16,4155500000
7/26/2015,288.64,4163470000
7/27/2015,292.64,4222210000
7/28/2015,293.63,4237650000
7/29/2015,294.48,4250940000
7/30/2015,289.1,4174360000
7/31/2015,287.7,4155010000
8/1/2015,284.69,4112610000
8/2/2015,280.45,4052470000
8/3/2015,282.81,4087610000
8/4/2015,281.23,4065870000
8/5/2015,284.85,4119190000
8/6/2015,281.91,4077600000
8/7/2015,278.74,4032820000
8/8/2015,279.74,4048270000
8/9/2015,261.12,3779770000
8/10/2015,265.48,3843850000
8/11/2015,264.34,3828500000
8/12/2015,270.6,3920210000
8/13/2015,266.18,3857090000
8/14/2015,264.13,3828340000
8/15/2015,265.53,3849530000
8/16/2015,261.87,3797330000
8/17/2015,258.49,3749260000
8/18/2015,257.93,3742020000
8/19/2015,225.67,3274860000
8/20/2015,226.9,3293570000
8/21/2015,235.35,3417200000
8/22/2015,232.66,3379050000
8/23/2015,230.38,3346760000
8/24/2015,228.11,3314640000
8/25/2015,210.07,3053250000
8/26/2015,222.08,3228540000
8/27/2015,226.05,3287220000
8/28/2015,224.7,3268370000
8/29/2015,231.55,3368880000
8/30/2015,229.9,3345740000
8/31/2015,229.11,3335220000
9/1/2015,230.26,3352760000
9/2/2015,228.03,3321180000
9/3/2015,229.32,3340990000
9/4/2015,227.22,3311080000
9/5/2015,230.2,3355470000
9/6/2015,234.87,3424420000
9/7/2015,239.93,3499120000
9/8/2015,239.85,3498750000
9/9/2015,243.41,3551640000
9/10/2015,238.34,3478410000
9/11/2015,238.33,3479310000
9/12/2015,239.85,3502520000
9/13/2015,235.24,3435990000
9/14/2015,230.61,3369190000
9/15/2015,230.49,3368360000
9/16/2015,230.25,3365740000
9/17/2015,229.08,3349390000
9/18/2015,233.52,3415440000
9/19/2015,232.86,3406390000
9/20/2015,231.4,3385770000
9/21/2015,231.22,3383840000
9/22/2015,226.97,3322420000
9/23/2015,230.94,3381390000
9/24/2015,230.36,3373850000
9/25/2015,234.36,3433300000
9/26/2015,235.08,3444730000
9/27/2015,234.14,3431860000
9/28/2015,232.84,3413630000
9/29/2015,239.02,3505090000
9/30/2015,236.64,3471280000
10/1/2015,236,3462800000
10/2/2015,237.26,3482190000
10/3/2015,237.2,3482100000
10/4/2015,238.53,3502460000
10/5/2015,238.15,3497740000
10/6/2015,240.36,3531230000
10/7/2015,246.17,3617400000
10/8/2015,243.07,3572730000
10/9/2015,242.5,3565090000
10/10/2015,243.74,3584120000
10/11/2015,244.74,3599840000
10/12/2015,246.88,3632110000
10/13/2015,245.2,3608340000
10/14/2015,249.49,3672370000
10/15/2015,252.11,3711800000
10/16/2015,254.3,3745090000
10/17/2015,262.75,3870490000
10/18/2015,270.91,3991620000
10/19/2015,261.86,3859270000
10/20/2015,263.57,3885570000
10/21/2015,269.31,3970980000
10/22/2015,266.5,3930500000
10/23/2015,273.65,4037010000
10/24/2015,276.5,4080140000
10/25/2015,281.44,4154100000
10/26/2015,283.63,4187410000
10/27/2015,285.18,4211500000
10/28/2015,293.7,4338430000
10/29/2015,304.32,4496390000
10/30/2015,313.94,4639690000
10/31/2015,328.51,4856410000
11/1/2015,315,4657890000
11/2/2015,325.94,4820850000
11/3/2015,361.87,5353680000
11/4/2015,403.66,5973510000
11/5/2015,408.08,6040410000
11/6/2015,388.05,5745320000
11/7/2015,374.27,5542680000
11/8/2015,384.28,5692390000
11/9/2015,374.32,5546240000
11/10/2015,379.98,5631520000
11/11/2015,339.82,5037510000
11/12/2015,314.08,4657240000
11/13/2015,338.5,5020700000
11/14/2015,336.62,4994250000
11/15/2015,333.05,4942420000
11/16/2015,319.74,4746070000
11/17/2015,330.36,4905260000
11/18/2015,334.59,4969330000
11/19/2015,334.68,4971880000
11/20/2015,326.41,4850170000
11/21/2015,322.09,4787340000
11/22/2015,326.98,4861340000
11/23/2015,324.35,4823700000
11/24/2015,323.01,4805160000
11/25/2015,320.05,4762230000
11/26/2015,328.3,4886330000
11/27/2015,351.86,5238500000
11/28/2015,357.14,5318300000
11/29/2015,357.47,5324610000
11/30/2015,371.44,5534000000
12/1/2015,377.41,5624580000
12/2/2015,361.85,5394070000
12/3/2015,359.33,5358040000
12/4/2015,361.26,5388110000
12/5/2015,363.72,5426180000
12/6/2015,389.56,5813290000
12/7/2015,389.98,5821140000
12/8/2015,395.75,5908810000
12/9/2015,414.44,6189620000
12/10/2015,417.99,6244360000
12/11/2015,415.28,6206150000
12/12/2015,452.33,6761730000
12/13/2015,431.66,6454430000
12/14/2015,433.27,6480070000
12/15/2015,443.88,6640850000
12/16/2015,465.21,6962090000
12/17/2015,454.78,6807850000
12/18/2015,455.85,6825640000
12/19/2015,463.55,6942950000
12/20/2015,462.23,6925030000
12/21/2015,442.84,6636280000
12/22/2015,437.44,6556960000
12/23/2015,436.72,6547850000
12/24/2015,443.09,6645120000
12/25/2015,454.86,6823120000
12/26/2015,455.76,6838480000
12/27/2015,416.51,6251440000
12/28/2015,423.34,6356100000
12/29/2015,422.1,6339010000
12/30/2015,433.3,6508960000
12/31/2015,425.88,6399190000
1/1/2016,430.72,6473530000
1/2/2016,434.62,6533630000
1/3/2016,433.58,6519500000
1/4/2016,430.06,6468180000
1/5/2016,433.07,6515380000
1/6/2016,431.86,6498830000
1/7/2016,430.01,6472580000
1/8/2016,457.54,6888600000
1/9/2016,453.38,6828000000
1/10/2016,448.24,6752210000
1/11/2016,448.7,6761090000
1/12/2016,448.18,6755220000
1/13/2016,434.67,6553350000
1/14/2016,432.29,6519110000
1/15/2016,430.25,6489870000
1/16/2016,365.07,5507790000
1/17/2016,387.15,5842270000
1/18/2016,381.73,5761940000
1/19/2016,387.03,5843510000
1/20/2016,379.74,5734760000
1/21/2016,419.63,6338800000
1/22/2016,409.75,6190940000
1/23/2016,382.43,5779890000
1/24/2016,388.1,5867300000
1/25/2016,402.32,6083900000
1/26/2016,392,5929520000
1/27/2016,392.44,5937780000
1/28/2016,395.15,5980180000
1/29/2016,380.11,5753970000
1/30/2016,378.87,5736760000
1/31/2016,378.29,5729870000
2/1/2016,369.35,5596090000
2/2/2016,372.92,5651690000
2/3/2016,374.65,5679530000
2/4/2016,370.17,5613380000
2/5/2016,388.9,5898960000
2/6/2016,386.59,5865740000
2/7/2016,376.51,5714760000
2/8/2016,376.76,5720100000
2/9/2016,373.42,5670880000
2/10/2016,376.15,5713880000
2/11/2016,382.11,5806110000
2/12/2016,379.69,5771040000
2/13/2016,384.64,5847990000
2/14/2016,392.93,5975580000
2/15/2016,407.57,6199850000
2/16/2016,401.43,6108040000
2/17/2016,407.66,6204150000
2/18/2016,416.57,6341430000
2/19/2016,422.73,6436980000
2/20/2016,421.6,6421310000
2/21/2016,437.77,6669260000
2/22/2016,438.99,6689200000
2/23/2016,438.25,6679400000
2/24/2016,420.96,6417190000
2/25/2016,425.04,6480650000
2/26/2016,424.63,6476080000
2/27/2016,432.84,6602810000
2/28/2016,432.57,6600310000
2/29/2016,433.44,6614980000
3/1/2016,437.92,6684800000
3/2/2016,435.13,6643810000
3/3/2016,423.91,6474150000
3/4/2016,421.84,6443890000
3/5/2016,410.78,6276610000
3/6/2016,400.52,6121400000
3/7/2016,407.76,6233430000
3/8/2016,414.46,6337370000
3/9/2016,413.89,6330230000
3/10/2016,414.74,6344960000
3/11/2016,417.24,6384740000
3/12/2016,421.61,6453260000
3/13/2016,411.65,6302330000
3/14/2016,414.2,6342780000
3/15/2016,416.39,6377870000
3/16/2016,416.89,6387190000
3/17/2016,417.89,6404130000
3/18/2016,420.55,6446330000
3/19/2016,409.26,6274790000
3/20/2016,410.4,6293610000
3/21/2016,413.42,6341380000
3/22/2016,413.13,6338430000
3/23/2016,418.16,6417130000
3/24/2016,418.42,6422730000
3/25/2016,416.51,6394850000
3/26/2016,417.37,6409500000
3/27/2016,418.14,6423040000
3/28/2016,426.55,6553700000
3/29/2016,424.3,6521010000
3/30/2016,416.83,6407840000
3/31/2016,415.26,6385140000
4/1/2016,416.76,6409540000
4/2/2016,418.42,6436700000
4/3/2016,421.17,6480470000
4/4/2016,421.3,6483910000
4/5/2016,421.02,6481350000
4/6/2016,424.28,6533260000
4/7/2016,423.62,6524680000
4/8/2016,422.91,6515190000
4/9/2016,420.81,6484410000
4/10/2016,419.59,6467330000
4/11/2016,421.87,6504290000
4/12/2016,422.84,6520870000
4/13/2016,425.63,6565470000
4/14/2016,423.94,6541030000
4/15/2016,424.43,6550350000
4/16/2016,429.57,6631310000
4/17/2016,430.64,6649170000
4/18/2016,427.61,6604150000
4/19/2016,428.7,6622450000
4/20/2016,435.32,6726370000
4/21/2016,441.42,6822320000
4/22/2016,449.69,6951860000
4/23/2016,445.86,6894280000
4/24/2016,450.56,6968570000
4/25/2016,459.12,7102490000
4/26/2016,461.65,7143060000
4/27/2016,466.26,7216190000
4/28/2016,445.04,6889170000
4/29/2016,449.41,6958330000
4/30/2016,455.18,7049460000
5/1/2016,448.48,6947430000
5/2/2016,451.93,7002610000
5/3/2016,444.73,6892690000
5/4/2016,450.18,6978950000
5/5/2016,446.71,6926990000
5/6/2016,447.94,6947800000
5/7/2016,459.64,7131120000
5/8/2016,458.43,7114060000
5/9/2016,458.21,7112510000
5/10/2016,460.52,7150370000
5/11/2016,450.86,7002230000
5/12/2016,452.45,7028330000
5/13/2016,454.85,7067270000
5/14/2016,455.82,7084100000
5/15/2016,455.76,7084760000
5/16/2016,457.59,7114740000
5/17/2016,454.01,7060730000
5/18/2016,453.69,7057390000
5/19/2016,454.52,7072090000
5/20/2016,437.79,6813080000
5/21/2016,442.97,6895230000
5/22/2016,443.22,6900700000
5/23/2016,439.35,6842470000
5/24/2016,444.29,6921460000
5/25/2016,446.06,6950690000
5/26/2016,449.67,7008500000
5/27/2016,453.52,7070010000
5/28/2016,473.03,7375780000
5/29/2016,527.48,8226500000
5/30/2016,528.47,8243960000
5/31/2016,534.19,8335100000
6/1/2016,531.11,8288680000
6/2/2016,536.51,8375000000
6/3/2016,537.68,8395070000
6/4/2016,569.71,8897080000
6/5/2016,573.31,8955060000
6/6/2016,574.6,8977700000
6/7/2016,585.45,9149580000
6/8/2016,577.17,9022250000
6/9/2016,582.2,9103080000
6/10/2016,575.84,9005920000
6/11/2016,578.67,9052360000
6/12/2016,609.68,9539850000
6/13/2016,671.65,10511900000
6/14/2016,704.5,11028900000
6/15/2016,685.68,10736600000
6/16/2016,696.52,10908900000
6/17/2016,768.49,12038900000
6/18/2016,748.76,11732600000
6/19/2016,756.69,11859800000
6/20/2016,763.93,11976700000
6/21/2016,735.88,11540000000
6/22/2016,665.91,10445300000
6/23/2016,597.44,9373190000
6/24/2016,625.58,9816730000
6/25/2016,665.28,10442000000
6/26/2016,665.93,10454900000
6/27/2016,629.35,9882840000
6/28/2016,658.1,10336800000
6/29/2016,644.12,10119600000
6/30/2016,640.59,10066400000
7/1/2016,672.51,10570600000
7/2/2016,676.73,10639600000
7/3/2016,704.97,11086100000
7/4/2016,658.8,10362700000
7/5/2016,683.21,10749100000
7/6/2016,670.42,10550300000
7/7/2016,678.09,10673400000
7/8/2016,640.69,10086900000
7/9/2016,666.38,10493800000
7/10/2016,650.6,10247300000
7/11/2016,648.48,10215200000
7/12/2016,648.28,10213100000
7/13/2016,664.8,10474500000
7/14/2016,652.92,10288400000
7/15/2016,659.17,10387900000
7/16/2016,663.78,10461700000
7/17/2016,661.99,10434700000
7/18/2016,679.81,10716800000
7/19/2016,672.74,10606500000
7/20/2016,672.81,10608600000
7/21/2016,665.23,10490300000
7/22/2016,664.92,10486600000
7/23/2016,650.73,10263700000
7/24/2016,655.41,10338600000
7/25/2016,661.26,10431900000
7/26/2016,654.23,10321900000
7/27/2016,651.63,10281900000
7/28/2016,654.49,10328100000
7/29/2016,655.11,10338900000
7/30/2016,657.01,10370100000
7/31/2016,655.1,10340900000
8/1/2016,624.6,9860620000
8/2/2016,606.4,9574320000
8/3/2016,548.66,8663670000
8/4/2016,566.33,8943870000
8/5/2016,578.28,9133690000
8/6/2016,575.03,9083510000
8/7/2016,587.77,9285940000
8/8/2016,592.74,9365440000
8/9/2016,591.04,9339660000
8/10/2016,587.65,9286960000
8/11/2016,592.12,9358770000
8/12/2016,588.8,9307250000
8/13/2016,587.36,9285530000
8/14/2016,585.59,9258730000
8/15/2016,570.49,9021180000
8/16/2016,567.24,8970770000
8/17/2016,577.76,9138030000
8/18/2016,573.71,9074760000
8/19/2016,574.34,9085820000
8/20/2016,576.08,9114500000
8/21/2016,581.94,9208210000
8/22/2016,581.31,9199410000
8/23/2016,586.77,9286930000
8/24/2016,583.41,9234800000
8/25/2016,580.18,9184700000
8/26/2016,577.75,9147170000
8/27/2016,579.45,9174990000
8/28/2016,569.83,9023610000
8/29/2016,574.07,9091830000
8/30/2016,574.11,9093530000
8/31/2016,577.59,9149730000
9/1/2016,575.55,9118280000
9/2/2016,572.41,9069550000
9/3/2016,575.55,9120440000
9/4/2016,598.59,9486370000
9/5/2016,608.99,9652490000
9/6/2016,606.51,9614140000
9/7/2016,610.57,9679610000
9/8/2016,614.63,9745120000
9/9/2016,626.35,9931980000
9/10/2016,622.93,9878730000
9/11/2016,623.42,9887780000
9/12/2016,607,9628560000
9/13/2016,608.02,9645930000
9/14/2016,608.84,9660080000
9/15/2016,610.59,9688940000
9/16/2016,607.25,9637020000
9/17/2016,607.22,9637600000
9/18/2016,606.28,9623950000
9/19/2016,609.87,9681960000
9/20/2016,609.25,9673140000
9/21/2016,603.59,9584260000
9/22/2016,597.28,9485280000
9/23/2016,596.2,9469130000
9/24/2016,602.96,9577520000
9/25/2016,602.75,9575360000
9/26/2016,600.81,9545830000
9/27/2016,608.02,9661590000
9/28/2016,606.24,9634530000
9/29/2016,605.02,9616160000
9/30/2016,605.72,9628250000
10/1/2016,609.93,9696280000
10/2/2016,613.95,9761330000
10/3/2016,610.97,9714980000
10/4/2016,612.05,9733330000
10/5/2016,610.22,9705320000
10/6/2016,612.47,9742370000
10/7/2016,612.61,9745740000
10/8/2016,617.34,9822100000
10/9/2016,619.17,9852480000
10/10/2016,616.82,9816270000
10/11/2016,619.24,9855650000
10/12/2016,640.87,10201000000
10/13/2016,636.03,10125100000
10/14/2016,637.01,10141600000
10/15/2016,640.31,10195200000
10/16/2016,639.08,10176800000
10/17/2016,641.82,10221300000
10/18/2016,639.41,10184000000
10/19/2016,638.13,10164800000
10/20/2016,630.66,10046700000
10/21/2016,630.83,10050300000
10/22/2016,633.14,10088400000
10/23/2016,657.62,10479700000
10/24/2016,657.16,10473500000
10/25/2016,654,10424300000
10/26/2016,657.68,10484000000
10/27/2016,678.21,10812500000
10/28/2016,688,10969800000
10/29/2016,690.29,11007600000
10/30/2016,714.12,11388800000
10/31/2016,702.64,11207200000
11/1/2016,701.34,11187700000
11/2/2016,730.07,11647200000
11/3/2016,742.35,11844300000
11/4/2016,689.12,10996400000
11/5/2016,703.52,11227200000
11/6/2016,703.81,11233000000
11/7/2016,710.74,11344800000
11/8/2016,703.09,11224000000
11/9/2016,709.83,11333000000
11/10/2016,722.84,11542100000
11/11/2016,715.55,11427200000
11/12/2016,716.75,11447700000
11/13/2016,705.2,11264500000
11/14/2016,702,11214600000
11/15/2016,705.79,11283400000
11/16/2016,711.17,11370700000
11/17/2016,744.88,11911300000
11/18/2016,740.71,11846000000
11/19/2016,751.83,12025400000
11/20/2016,751.88,12027500000
11/21/2016,731.26,11698900000
11/22/2016,739.64,11834200000
11/23/2016,751.74,12029000000
11/24/2016,744.62,11916500000
11/25/2016,740.44,11851100000
11/26/2016,741.51,11869600000
11/27/2016,735.44,11773800000
11/28/2016,732.48,11727800000
11/29/2016,736.33,11790900000
11/30/2016,736.28,11791600000
12/1/2016,746.05,11949200000
12/2/2016,757.54,12134800000
12/3/2016,778.25,12467800000
12/4/2016,771.64,12363600000
12/5/2016,773.39,12393100000
12/6/2016,758.72,12159400000
12/7/2016,764.21,12248900000
12/8/2016,768.08,12312500000
12/9/2016,769.94,12344000000
12/10/2016,773.02,12394500000
12/11/2016,774.75,12423600000
12/12/2016,770.04,12349800000
12/13/2016,780.65,12521500000
12/14/2016,780,12512900000
12/15/2016,780.07,12511700000
12/16/2016,778.96,12498800000
12/17/2016,785.17,12599600000
12/18/2016,791.01,12694800000
12/19/2016,790.69,12691100000
12/20/2016,792.25,12717600000
12/21/2016,800.64,12853700000
12/22/2016,834.18,13393800000
12/23/2016,864.89,13888600000
12/24/2016,922.18,14810300000
12/25/2016,899.65,14450100000
12/26/2016,896.9,14407800000
12/27/2016,908.35,14593300000
12/28/2016,934.83,15020500000
12/29/2016,975.13,15670000000
12/30/2016,972.53,15630200000
12/31/2016,960.63,15440700000
1/1/2017,963.66,15491200000
1/2/2017,998.62,16055100000
1/3/2017,1021.6,16426600000
1/4/2017,1044.4,16795400000
1/5/2017,1156.73,18604000000
1/6/2017,1014.24,16314100000
1/7/2017,903.49,14534400000
1/8/2017,908.17,14611400000
1/9/2017,913.24,14694900000
1/10/2017,902.44,14522600000
1/11/2017,908.12,14615700000
1/12/2017,775.18,12477600000
1/13/2017,803.74,12939100000
1/14/2017,825.14,13285200000
1/15/2017,818.14,13174300000
1/16/2017,821.78,13234600000
1/17/2017,830.95,13383900000
1/18/2017,909.37,14648900000
1/19/2017,888.34,14311700000
1/20/2017,898.17,14472100000
1/21/2017,895.55,14432000000
1/22/2017,922.21,14863600000
1/23/2017,925.5,14918800000
1/24/2017,910.68,14681400000
1/25/2017,891.92,14380700000
1/26/2017,902.39,14551200000
1/27/2017,918.36,14810400000
1/28/2017,919.81,14835800000
1/29/2017,922.07,14874000000
1/30/2017,920.15,14844900000
1/31/2017,920.96,14859700000
2/1/2017,970.94,15667900000
2/2/2017,990,15977800000
2/3/2017,1011.46,16326100000
2/4/2017,1031.33,16648800000
2/5/2017,1043.52,16847400000
2/6/2017,1028.4,16605400000
2/7/2017,1040.14,16796600000
2/8/2017,1062.32,17156700000
2/9/2017,1064.7,17197100000
2/10/2017,995.63,16083600000
2/11/2017,988.9,15976700000
2/12/2017,1003.52,16214700000
2/13/2017,998.88,16141500000
2/14/2017,991.74,16028000000
2/15/2017,1006.21,16264100000
2/16/2017,1007.65,16289100000
2/17/2017,1026.12,16589600000
2/18/2017,1049.21,16964800000
2/19/2017,1054.76,17056600000
2/20/2017,1048.69,16960200000
2/21/2017,1079.28,17456900000
2/22/2017,1114.8,18033400000
2/23/2017,1117.27,18075200000
2/24/2017,1172.71,18974400000
2/25/2017,1170.41,18939500000
2/26/2017,1144.27,18518900000
2/27/2017,1163.78,18837300000
2/28/2017,1180.72,19113600000
3/1/2017,1180.04,19104800000
3/2/2017,1224.68,19829800000
3/3/2017,1250.71,20253700000
3/4/2017,1277.43,20688800000
3/5/2017,1254.29,20316000000
3/6/2017,1267.47,20531900000
3/7/2017,1273.21,20627100000
3/8/2017,1223.23,19819800000
3/9/2017,1150.35,18640900000
3/10/2017,1189.36,19275300000
3/11/2017,1116.32,18093700000
3/12/2017,1176.62,19073300000
3/13/2017,1221.78,19807700000
3/14/2017,1232.16,19978200000
3/15/2017,1240.16,20110400000
3/16/2017,1251.33,20293700000
3/17/2017,1180.16,19141800000
3/18/2017,1099.69,17838700000
3/19/2017,976.73,15846000000
3/20/2017,1037.24,16829800000
3/21/2017,1055.36,17125600000
3/22/2017,1120.65,18187100000
3/23/2017,1050.05,17043400000
3/24/2017,1038.45,16857000000
3/25/2017,936.54,15204800000
3/26/2017,974.01,15814800000
3/27/2017,972.05,15785000000
3/28/2017,1044.58,16964500000
3/29/2017,1046.08,16990900000
3/30/2017,1042.21,16929800000
3/31/2017,1026.64,16679000000
4/1/2017,1071.71,17413000000
4/2/2017,1080.61,17559400000
4/3/2017,1102.95,17924600000
4/4/2017,1145.52,18619000000
4/5/2017,1134.14,18435700000
4/6/2017,1125.81,18302600000
4/7/2017,1178.94,19168500000
4/8/2017,1172.65,19068600000
4/9/2017,1176.57,19134400000
4/10/2017,1187.3,19311200000
4/11/2017,1187.46,19316000000
4/12/2017,1204.81,19600800000
4/13/2017,1201.02,19541300000
4/14/2017,1170.33,19043800000
4/15/2017,1167.3,18996500000
4/16/2017,1172.61,19085100000
4/17/2017,1183.25,19260500000
4/18/2017,1193.77,19433800000
4/19/2017,1212.13,19734800000
4/20/2017,1211.08,19719900000
4/21/2017,1229.42,20020700000
4/22/2017,1222.71,19913900000
4/23/2017,1231.92,20066200000
4/24/2017,1209.63,19705400000
4/25/2017,1250.45,20372300000
4/26/2017,1265.99,20627900000
4/27/2017,1281.88,20889200000
4/28/2017,1317.74,21476000000
4/29/2017,1317.84,21479800000
4/30/2017,1321.87,21548400000
5/1/2017,1348.3,21981800000
5/2/2017,1421.03,23170200000
5/3/2017,1453.78,23707100000
5/4/2017,1490.72,24311900000
5/5/2017,1540.87,25133100000
5/6/2017,1556.81,25395600000
5/7/2017,1579.47,25768500000
5/8/2017,1596.92,26056500000
5/9/2017,1723.89,28132200000
5/10/2017,1756.52,28668100000
5/11/2017,1780.37,29060600000
5/12/2017,1845.76,30131100000
5/13/2017,1723.12,28132300000
5/14/2017,1800.86,29405100000
5/15/2017,1808.44,29532600000
5/16/2017,1741.7,28446300000
5/17/2017,1726.73,28204800000
5/18/2017,1818.7,29710500000
5/19/2017,1897.37,30999000000
5/20/2017,1984.24,32422400000
5/21/2017,2067.03,33779400000
5/22/2017,2043.19,33393600000
5/23/2017,2191.56,35822600000
5/24/2017,2321.37,37949200000
5/25/2017,2446.24,39995400000
5/26/2017,2320.89,37950600000
5/27/2017,2196.27,35917100000
5/28/2017,2054.08,33595900000
5/29/2017,2159.43,35323500000
5/30/2017,2255.36,36897000000
5/31/2017,2187.19,35786700000
6/1/2017,2288.33,37446200000
6/2/2017,2404.03,39344600000
6/3/2017,2493.72,40817100000
6/4/2017,2547.79,41708200000
6/5/2017,2512.4,41133900000
6/6/2017,2690.84,44061000000
6/7/2017,2869.38,46989800000
6/8/2017,2720.49,44557100000
6/9/2017,2807.44,45987100000
6/10/2017,2828.14,46331400000
6/11/2017,2942.41,48208700000
6/12/2017,2953.22,48391200000
6/13/2017,2680.91,43934100000
6/14/2017,2716.88,44528300000
6/15/2017,2499.58,40971300000
6/16/2017,2469.57,40484100000
6/17/2017,2514.01,41217200000
6/18/2017,2655.35,43539300000
6/19/2017,2549.03,41800600000
6/20/2017,2591.26,42498000000
6/21/2017,2709.43,44440800000
6/22/2017,2691.03,44143700000
6/23/2017,2707.34,44415900000
6/24/2017,2738.52,44932900000
6/25/2017,2607.25,42783800000
6/26/2017,2590.57,42514000000
6/27/2017,2478.45,40677900000
6/28/2017,2553.03,41906700000
6/29/2017,2567.56,42150300000
6/30/2017,2539.24,41689100000
7/1/2017,2492.6,40928200000
7/2/2017,2436.4,40010500000
7/3/2017,2498.56,41037200000
7/4/2017,2561,42067900000
7/5/2017,2602.87,42760800000
7/6/2017,2608.1,42851400000
7/7/2017,2608.59,42864200000
7/8/2017,2520.27,41417700000
7/9/2017,2572.61,42283200000
7/10/2017,2525.25,41509000000
7/11/2017,2385.89,39224200000
7/12/2017,2332.77,38355900000
7/13/2017,2402.7,39511000000
7/14/2017,2360.59,38823100000
7/15/2017,2230.12,36681300000
7/16/2017,1991.98,32767600000
7/17/2017,1932.62,31795000000
7/18/2017,2233.52,36749400000
7/19/2017,2323.08,38227800000
7/20/2017,2269.89,37356800000
7/21/2017,2838.41,46719000000
7/22/2017,2668.63,43929600000
7/23/2017,2808.1,46231100000
7/24/2017,2732.7,44995600000
7/25/2017,2757.5,45410100000
7/26/2017,2577.77,42455000000
7/27/2017,2538.71,41816500000
7/28/2017,2679.73,44144400000
7/29/2017,2807.02,46246700000
7/30/2017,2724.39,44890700000
7/31/2017,2763.24,45535800000
8/1/2017,2871.3,47321800000
8/2/2017,2727.13,44950800000
8/3/2017,2709.56,44666400000
8/4/2017,2806.93,46276200000
8/5/2017,2897.63,47778200000
8/6/2017,3257.61,53720900000
8/7/2017,3212.78,52987300000
8/8/2017,3370.22,55590300000
8/9/2017,3420.4,56424900000
8/10/2017,3341.84,55134700000
8/11/2017,3373.82,55668000000
8/12/2017,3650.63,60242100000
8/13/2017,3880.04,64034100000
8/14/2017,4066.1,67112300000
8/15/2017,4326.99,71425500000
8/16/2017,4200.34,69342700000
8/17/2017,4384.44,72389100000
8/18/2017,4324.34,71406500000
8/19/2017,4137.75,68333100000
8/20/2017,4189.31,69192700000
8/21/2017,4090.48,67567100000
8/22/2017,3998.35,66051000000
8/23/2017,4089.01,67553000000
8/24/2017,4137.6,68363900000
8/25/2017,4332.82,71595100000
8/26/2017,4372.06,72249100000
8/27/2017,4345.1,71809200000
8/28/2017,4384.45,72467900000
8/29/2017,4389.21,72553800000
8/30/2017,4570.36,75556600000
8/31/2017,4555.59,75322300000
9/1/2017,4701.76,77748400000
9/2/2017,4901.42,81060600000
9/3/2017,4585.27,75841700000
9/4/2017,4591.63,75955500000
9/5/2017,4228.29,69954400000
9/6/2017,4376.59,72418700000
9/7/2017,4589.14,75945000000
9/8/2017,4605.16,76220200000
9/9/2017,4229.81,70017200000
9/10/2017,4229.34,70018100000
9/11/2017,4122.47,68256000000
9/12/2017,4168.88,69033400000
9/13/2017,4131.98,68432200000
9/14/2017,3875.37,64191600000
9/15/2017,3166.3,52453500000
9/16/2017,3637.75,60271600000
9/17/2017,3606.28,59757800000
9/18/2017,3591.09,59514100000
9/19/2017,4073.79,67520300000
9/20/2017,3916.36,64918500000
9/21/2017,3901.47,64677600000
9/22/2017,3628.02,60152300000
9/23/2017,3629.92,60190000000
9/24/2017,3796.15,62954300000
9/25/2017,3681.58,61061100000
9/26/2017,3928.41,65161000000
9/27/2017,3892.94,64579200000
9/28/2017,4197.13,69633200000
9/29/2017,4171.62,69219200000
9/30/2017,4166.11,69136600000
10/1/2017,4341.05,72047300000
10/2/2017,4395.81,72963200000
10/3/2017,4408.46,73181300000
10/4/2017,4319.37,71712500000
10/5/2017,4229.88,70233700000
10/6/2017,4324.46,71810600000
10/7/2017,4369.35,72565100000
10/8/2017,4429.67,73575400000
10/9/2017,4614.52,76656500000
10/10/2017,4776.21,79351800000
10/11/2017,4789.25,79578200000
10/12/2017,4829.58,80256700000
10/13/2017,5464.16,90812400000
10/14/2017,5643.53,93803000000
10/15/2017,5835.96,97011900000
10/16/2017,5687.57,94559000000
10/17/2017,5741.58,95469300000
10/18/2017,5603.82,93190200000
10/19/2017,5583.74,92867000000
10/20/2017,5708.11,94947900000
10/21/2017,5996.79,99763200000
10/22/2017,6036.66,1.00E+11
10/23/2017,6006,99941600000
10/24/2017,5935.52,98781600000
10/25/2017,5524.6,91954200000
10/26/2017,5747.95,95685100000
10/27/2017,5899.74,98225400000
10/28/2017,5787.82,96369600000
10/29/2017,5754.44,95819800000
10/30/2017,6114.85,1.02E+11
10/31/2017,6132.02,1.02E+11
11/1/2017,6440.97,1.07E+11
11/2/2017,6777.77,1.13E+11
11/3/2017,7087.53,1.18E+11
11/4/2017,7164.48,1.19E+11
11/5/2017,7404.52,1.23E+11
11/6/2017,7403.22,1.23E+11
11/7/2017,7023.1,1.17E+11
11/8/2017,7141.38,1.19E+11
11/9/2017,7446.83,1.24E+11
11/10/2017,7173.73,1.20E+11
11/11/2017,6618.61,1.10E+11
11/12/2017,6295.45,1.05E+11
11/13/2017,5938.25,99029000000
11/14/2017,6561.48,1.09E+11
11/15/2017,6634.76,1.11E+11
11/16/2017,7323.24,1.22E+11
11/17/2017,7853.57,1.31E+11
11/18/2017,7697.21,1.28E+11
11/19/2017,7766.03,1.30E+11
11/20/2017,8039.07,1.34E+11
11/21/2017,8205.74,1.37E+11
11/22/2017,8077.95,1.35E+11
11/23/2017,8232.38,1.37E+11
11/24/2017,8074.02,1.35E+11
11/25/2017,8241.71,1.38E+11
11/26/2017,8789.04,1.47E+11
11/27/2017,9352.72,1.56E+11
11/28/2017,9823.43,1.64E+11
11/29/2017,10077.4,1.68E+11
11/30/2017,9906.79,1.66E+11
12/1/2017,10198.6,1.70E+11
12/2/2017,10978.3,1.83E+11
12/3/2017,11082.7,1.85E+11
12/4/2017,11315.4,1.89E+11
12/5/2017,11685.7,1.95E+11
12/6/2017,11923.4,1.99E+11
12/7/2017,14266.1,2.39E+11
12/8/2017,17802.9,2.98E+11
12/9/2017,16523.3,2.76E+11
12/10/2017,15168.4,2.54E+11
12/11/2017,15427.4,2.58E+11
12/12/2017,16919.8,2.83E+11
12/13/2017,17500,2.93E+11
12/14/2017,16384.6,2.74E+11
12/15/2017,16601.3,2.78E+11
12/16/2017,17760.3,2.97E+11
12/17/2017,19475.8,3.26E+11
12/18/2017,19106.4,3.20E+11
12/19/2017,19118.3,3.20E+11
12/20/2017,17760.3,2.98E+11
12/21/2017,16642.4,2.79E+11
12/22/2017,15898,2.66E+11
12/23/2017,13948.7,2.34E+11
12/24/2017,14608.2,2.45E+11
12/25/2017,13995.9,2.35E+11
12/26/2017,14036.6,2.35E+11
12/27/2017,16163.5,2.71E+11
12/28/2017,15864.1,2.66E+11
12/29/2017,14695.8,2.46E+11
12/30/2017,14681.9,2.46E+11
12/31/2017,12897.7,2.16E+11
1/1/2018,14112.2,2.37E+11
1/2/2018,13625,2.29E+11
1/3/2018,14978.2,2.51E+11
1/4/2018,15270.7,2.56E+11
1/5/2018,15477.2,2.60E+11
1/6/2018,17462.1,2.93E+11
1/7/2018,17527.3,2.94E+11
1/8/2018,16476.2,2.77E+11
1/9/2018,15123.7,2.54E+11
1/10/2018,14588.5,2.45E+11
1/11/2018,14968.2,2.51E+11
1/12/2018,13453.9,2.26E+11
1/13/2018,13952.4,2.34E+11
1/14/2018,14370.8,2.41E+11
1/15/2018,13767.3,2.31E+11
1/16/2018,13836.1,2.33E+11
1/17/2018,11431.1,1.92E+11
1/18/2018,11198.8,1.88E+11
1/19/2018,11429.8,1.92E+11
1/20/2018,11656.2,1.96E+11
1/21/2018,12889.2,2.17E+11
1/22/2018,11633.1,1.96E+11
1/23/2018,10944.5,1.84E+11
1/24/2018,10903.4,1.83E+11
1/25/2018,11421.7,1.92E+11
1/26/2018,11256,1.89E+11
1/27/2018,11174.9,1.88E+11
1/28/2018,11475.3,1.93E+11
1/29/2018,11755.5,1.98E+11
1/30/2018,11306.8,1.90E+11
1/31/2018,10108.2,1.70E+11
2/1/2018,10237.3,1.72E+11
2/2/2018,9142.28,1.54E+11
2/3/2018,8852.12,1.49E+11
2/4/2018,9175.7,1.55E+11
2/5/2018,8270.54,1.39E+11
2/6/2018,7051.75,1.19E+11
2/7/2018,7755.49,1.31E+11
2/8/2018,7637.86,1.29E+11
2/9/2018,8271.84,1.39E+11
2/10/2018,8720.08,1.47E+11
2/11/2018,8616.13,1.45E+11
2/12/2018,8141.43,1.37E+11
2/13/2018,8926.72,1.51E+11
2/14/2018,8599.92,1.45E+11
2/15/2018,9488.32,1.60E+11
2/16/2018,10135.7,1.71E+11
2/17/2018,10207.5,1.72E+11
2/18/2018,11123.4,1.88E+11
2/19/2018,10552.6,1.78E+11
2/20/2018,11231.8,1.90E+11
2/21/2018,11372.2,1.92E+11
2/22/2018,10660.4,1.80E+11
2/23/2018,9937.07,1.68E+11
2/24/2018,10287.7,1.74E+11
2/25/2018,9796.42,1.65E+11
2/26/2018,9669.43,1.63E+11
2/27/2018,10393.9,1.76E+11
2/28/2018,10687.2,1.81E+11
3/1/2018,10385,1.75E+11
3/2/2018,10977.4,1.85E+11
3/3/2018,11101.9,1.88E+11
3/4/2018,11497.4,1.94E+11
3/5/2018,11532.4,1.95E+11
3/6/2018,11500.1,1.94E+11
3/7/2018,10803.9,1.83E+11
3/8/2018,9951.44,1.68E+11
3/9/2018,9414.69,1.59E+11
3/10/2018,9350.59,1.58E+11
3/11/2018,8852.78,1.50E+11
3/12/2018,9602.93,1.62E+11
3/13/2018,9173.04,1.55E+11
3/14/2018,9214.65,1.56E+11
3/15/2018,8290.76,1.40E+11
3/16/2018,8322.91,1.41E+11
3/17/2018,8321.91,1.41E+11
3/18/2018,7890.52,1.34E+11
3/19/2018,8344.12,1.41E+11
3/20/2018,8619.67,1.46E+11
3/21/2018,8937.48,1.51E+11
3/22/2018,8939.44,1.51E+11
3/23/2018,8736.25,1.48E+11
3/24/2018,8901.95,1.51E+11
